"Matched Company","Match Score","Industry","Verticals","Explanation"
"HealthBridge","90.0","HealthTech","Telemedicine, AI Diagnostics, Healthcare","Strong match with overlapping AI diagnostics and HealthTech focus, enhancing telemedicine platform with early disease detection."
"BioTech Innovations","80.0","BioTech","Drug Discovery, AI, Healthcare","Strong match due to overlapping healthcare focus and complementary AI technologies in diagnostics and drug discovery."
"LogisticsPro","70.0","Logistics","Supply Chain, IoT, Analytics","Overlapping AI and analytics technologies, but different industries may require significant adaptation."
"RetailAI","70.0","Retail","E-commerce, AI, Customer Analytics","Overlapping AI technology, but different industries; potential for collaboration in data analysis or AI development."
"EcoHarvest Technologies","60.0","AgriTech","Sustainable Agriculture, IoT, AI","Potential match with some overlap in AI technology, but different industries."
"CyberShield AI","60.0","Cybersecurity","AI Security, Blockchain, Cloud Security","Overlapping AI technology, but different industries (HealthTech vs Cybersecurity) may present integration challenges."
"EduTech Plus","60.0","EdTech","Online Learning, AI Tutoring, EdTech","Partial match due to overlapping AI technology but different industries (HealthTech vs EdTech)."
