company_name,investor_type,location,industries,groq_score,explanation,similarity_score,final_score
TRIVE,Micro VC,"Singapore, Central Region, Singapore","Analytics, Artificial Intelligence, Business Intelligence, Internet, Machine Learning, Venture Capital",85.0,"TRIVE is a micro VC firm that focuses on investing in technology startups, with a particular interest in analytics, artificial intelligence, business intelligence, internet, machine learning, and venture capital. Given the founder's focus on building an AI-powered healthcare diagnostics platform using computer vision and machine learning, there is a strong alignment between the two in terms of industry focus and technology. TRIVE's location in Singapore, a hub for healthcare and technology innovation, further adds to the compatibility. However, the score is slightly lower due to the fact that TRIVE is a micro VC firm, which may limit the amount of funding available for the founder's venture.",0.5937946820878134,59.67813840462634
IncuVest,"Angel Group, Venture Capital","Singapore, Central Region, Singapore","Advanced Materials, Artificial Intelligence, Augmented Reality, Internet of Things, Machine Learning, Medical Device, Semiconductor, Venture Capital",85.0,"IncuVest is a Singapore-based early and growth-stage tech investment platform that focuses on advanced materials, artificial intelligence, augmented reality, internet of things, machine learning, medical device, semiconductor, and venture capital. Given the founder's focus on building an AI-powered healthcare diagnostics platform using computer vision and machine learning, IncuVest is a highly compatible investor. They have experience investing in AI, machine learning, and medical devices, which are all relevant to the founder's business. Additionally, IncuVest is based in Singapore, which may provide valuable local connections and resources for the founder. However, the score is not perfect because IncuVest also invests in",0.4748800210049285,59.64246400630147
Promus Ventures,Micro VC,"Chicago, Illinois, United States","Aerospace, AgTech, Artificial Intelligence, FinTech, Health Care, Machine Learning, Robotics, Software, Space Travel, Venture Capital",85.0,"Promus Ventures is a strong match for the founder's AI-powered healthcare diagnostics platform. As a Micro VC investing in early-stage deep-tech software/hardware companies, Promus has a clear focus on the technology and growth stage the founder is targeting. Additionally, Promus has experience investing in related industries such as Artificial Intelligence, Machine Learning, and Health Care, demonstrating a good fit for the founder's focus. However, Promus is located in Chicago, Illinois, while the founder is likely building their platform elsewhere. This geographical distance may introduce some challenges in the relationship, hence the slightly lower score.",0.4182269818706973,59.6254680945612
Acton Capital,Venture Capital,"Munich, Bayern, Germany","Artificial Intelligence, E-Commerce, E-Commerce Platforms, E-Learning, FinTech, Health Care, Marketplace, SaaS, Venture Capital",85.0,"Acton Capital has a strong focus on tech-enabled business models, and healthcare AI falls under this category. They have experience investing in healthcare, AI, and SaaS, which are all relevant to the founder's platform. However, they are headquartered in Munich, Germany, which might pose some challenges in terms of geographical distance and cultural differences. Overall, Acton Capital seems to be a good fit, but not a perfect match.",0.1199494148545686,59.535984824456364
Govin Capital Pte Ltd,Venture Capital,"Singapore, Central Region, Singapore","Artificial Intelligence, Biotechnology, Education, Health Care, Health Diagnostics, Health Insurance, Information Technology, Medical, Venture Capital",85.0,"Govin Capital Pte Ltd appears to be a highly compatible investor for the founder's AI-powered healthcare diagnostics platform. The investor has a clear focus on several industries that align with the founder's business, including Artificial Intelligence, Biotechnology, Health Care, Health Diagnostics, and Information Technology. Additionally, Govin Capital's value-add approach, which includes access to mentors and markets, could be beneficial for the founder's startup. The company's location in Singapore, a hub for healthcare and technology innovation, is an added bonus. However, there may be some slight concerns about the investor's experience in the Health Insurance industry, which is not directly related",0.0,59.49999999999999
DIVEdigital,Venture Capital,"Munich, Bayern, Germany","Artificial Intelligence, Machine Learning, Manufacturing, Predictive Analytics, Robotics, Sensor",75.0,"DIVEDigital is a venture capital firm with a focus on Israeli high-tech start-ups, which is a positive indicator of their experience in the industry. However, they are based in Munich, Germany, which could present some challenges in terms of geographical distance and cultural differences. Additionally, while their investment portfolio includes Artificial Intelligence, Machine Learning, and Predictive Analytics, it does not specifically mention healthcare or computer vision, which are the founder's areas of focus. Therefore, while there is some compatibility, it may be necessary to explore whether DIVEdigital has the necessary expertise and network in the healthcare AI industry to support the founder's vision.",0.9999999989960816,52.79999999969883
Boeing HorizonX Ventures,"Corporate Venture Capital, Venture Capital","Chicago, Illinois, United States","Advanced Materials, Artificial Intelligence, Cyber Security, Energy, Internet of Things, Logistics, Machine Learning, Manufacturing, Space Travel, Venture Capital",60.0,"The founder's AI-powered healthcare diagnostics platform aligns with Boeing HorizonX Ventures' interest in artificial intelligence and machine learning. However, Boeing's primary focus is on aerospace and related industries, which may not directly overlap with the founder's healthcare industry focus. While Boeing could potentially benefit from AI and machine learning advancements in various aspects of their business, the lack of a direct industry fit may result in a lower compatibility score.",0.3998972180024237,42.119969165400725
REACH,Accelerator,"Chicago, Illinois, United States","Artificial Intelligence, Commercial Real Estate, Incubators, Property Insurance, Property Management, Real Estate, Rental Property, Residential, SaaS",60.0,"The founder and investor have some compatibility, but there are also some significant differences in their industry focus. The founder is building an AI-powered healthcare diagnostics platform, while the investor, REACH, focuses on artificial intelligence, real estate, and related industries. While there may be some overlap in the use of AI technology, the industries themselves are quite different. However, the investor's experience in accelerating startups and providing resources and support could be valuable to the founder. Ultimately, the compatibility score is moderate due to the differences in industry focus, but there is potential for a successful partnership with the right alignment of goals and strategies.",0.0,42.0
