company_name,location,investor_type,description,domain,industries,processed_description,combined_text,similarity_score
DIVEdigital,"Munich, Bayern, Germany",Venture Capital,DIVEdigital is a small investment boutique which concentrates on Israeli high tech Start-Ups.,divedigital.de,"Artificial Intelligence, Machine Learning, Manufacturing, Predictive Analytics, Robotics, Sensor",divedigital is a small investment boutique which concentrates on israeli high tech start-ups.,"divedigital is a small investment boutique which concentrates on israeli high tech start-ups. Artificial Intelligence, Machine Learning, Manufacturing, Predictive Analytics, Robotics, Sensor",0.9999999989960816
TRIVE,"Singapore, Central Region, Singapore",Micro VC,TRIVE is a venture capital firm that invest in technology startups.,trive.vc,"Analytics, Artificial Intelligence, Business Intelligence, Internet, Machine Learning, Venture Capital",trive is a venture capital firm that invest in technology startups.,"trive is a venture capital firm that invest in technology startups. Analytics, Artificial Intelligence, Business Intelligence, Internet, Machine Learning, Venture Capital",0.5937946820878134
IncuVest,"Singapore, Central Region, Singapore","Angel Group, Venture Capital",IncuVest is a Singapore-based early and growth-stage tech investment platform,incuvestasia.com,"Advanced Materials, Artificial Intelligence, Augmented Reality, Internet of Things, Machine Learning, Medical Device, Semiconductor, Venture Capital",incuvest is a singapore-based early and growth-stage tech investment platform,"incuvest is a singapore-based early and growth-stage tech investment platform Advanced Materials, Artificial Intelligence, Augmented Reality, Internet of Things, Machine Learning, Medical Device, Semiconductor, Venture Capital",0.47488002100492854
Promus Ventures,"Chicago, Illinois, United States",Micro VC,Investing in early-stage deep-tech software/hardware companies run by visionary and tenacious founding teams.,promusventures.com,"Aerospace, AgTech, Artificial Intelligence, FinTech, Health Care, Machine Learning, Robotics, Software, Space Travel, Venture Capital",investing in early-stage deep-tech software/hardware companies run by visionary and tenacious founding teams.,"investing in early-stage deep-tech software/hardware companies run by visionary and tenacious founding teams. Aerospace, AgTech, Artificial Intelligence, FinTech, Health Care, Machine Learning, Robotics, Software, Space Travel, Venture Capital",0.4182269818706973
Boeing HorizonX Ventures,"Chicago, Illinois, United States","Corporate Venture Capital, Venture Capital",HorizonX Ventures is the venture capital arm of Boeing. The firm primarily invests in late seed through mid/growth stage companies.,boeing.com,"Advanced Materials, Artificial Intelligence, Cyber Security, Energy, Internet of Things, Logistics, Machine Learning, Manufacturing, Space Travel, Venture Capital",horizonx ventures is the venture capital arm of boeing. the firm primarily invests in late seed through mid/growth stage companies.,"horizonx ventures is the venture capital arm of boeing. the firm primarily invests in late seed through mid/growth stage companies. Advanced Materials, Artificial Intelligence, Cyber Security, Energy, Internet of Things, Logistics, Machine Learning, Manufacturing, Space Travel, Venture Capital",0.3998972180024237
Acton Capital,"Munich, Bayern, Germany",Venture Capital,"Acton Capital is a leading growth venture capital investor in tech-enabled business models, headquartered in Munich, Germany.",actoncapital.com,"Artificial Intelligence, E-Commerce, E-Commerce Platforms, E-Learning, FinTech, Health Care, Marketplace, SaaS, Venture Capital","acton capital is a leading growth venture capital investor in tech-enabled business models, headquartered in munich, germany.","acton capital is a leading growth venture capital investor in tech-enabled business models, headquartered in munich, germany. Artificial Intelligence, E-Commerce, E-Commerce Platforms, E-Learning, FinTech, Health Care, Marketplace, SaaS, Venture Capital",0.11994941485456866
REACH,"Chicago, Illinois, United States",Accelerator,"REACH is an accelerator owned and operated by Second Century Ventures, the investment arm of the National Association of Realtors¬Ѓ.",narreach.com,"Artificial Intelligence, Commercial Real Estate, Incubators, Property Insurance, Property Management, Real Estate, Rental Property, Residential, SaaS","reach is an accelerator owned and operated by second century ventures, the investment arm of the national association of realtors¬ѓ.","reach is an accelerator owned and operated by second century ventures, the investment arm of the national association of realtors¬ѓ. Artificial Intelligence, Commercial Real Estate, Incubators, Property Insurance, Property Management, Real Estate, Rental Property, Residential, SaaS",0.0
Govin Capital Pte Ltd,"Singapore, Central Region, Singapore",Venture Capital,Govin capital is an venture company that aims to add value to innovative Startups by mking investments with access to mentors & markets,govincapital.com,"Artificial Intelligence, Biotechnology, Education, Health Care, Health Diagnostics, Health Insurance, Information Technology, Medical, Venture Capital",govin capital is an venture company that aims to add value to innovative startups by mking investments with access to mentors & markets,"govin capital is an venture company that aims to add value to innovative startups by mking investments with access to mentors & markets Artificial Intelligence, Biotechnology, Education, Health Care, Health Diagnostics, Health Insurance, Information Technology, Medical, Venture Capital",0.0
